person_id,person_name,institution_name,username
1,"Bob Brown",UMD,princesspeach12
2,"Red Eye",UMD,luigiman45
3,"Corona Virus",UMD,wariorules
4,Warrior,UMD,mariomain1
5,"Adam Applin",UMD,catchemall890
6,"Buster Boost",UMD,pokemart21
7,"Cinder Crash",UMD,gymbattler32
8,"Draymond DK",UMD,dynamaximum
9,"Eve Olve",UMD,metroidfan22
10,"Contra Ease",UMD,zerosuit09
11,"Kei Kaku",UMD,ridleyistoobig
12,"Mordecai Simple",UMD,samuswins365
13,"Hannibal Broly",UMD,kingofevil1
14,"Barney Miles",UMD,windwaker45
15,"Kim Hines",UMD,mastersword22
16,"Rena Logan",UMD,triforce100
17,Gangrel,UMD,blooddrinker4
18,"Kevin Thorn",UMD,edwardecai
19,Vampiro,UMD,creepydeepy
20,Ariel,UMD,notbellaswan010
21,"Charles Wright",UMD,chaoscontroller7
22,"Manfred Von Karma",UMD,worldrings7
23,"Speed Racer",UMD,superemerald7
24,"Harold Jordan",UMD,solemeralds7
